{
  "project_info": {
    "project_number": "810641645740",
    "firebase_url": "https://iotcase-10777.firebaseio.com",
    "project_id": "iotcase-10777",
    "storage_bucket": "iotcase-10777.appspot.com"
  },
  "client": [
    {
      "client_info": {
        "mobilesdk_app_id": "1:810641645740:android:48896204abacadb2",
        "android_client_info": {
          "package_name": "kr.ac.kumoh.s20130870.iotcase"
        }
      },
      "oauth_client": [
        {
          "client_id": "810641645740-b7ek6askjn1esgbk34st1cl8vru3du0o.apps.googleusercontent.com",
          "client_type": 3
        }
      ],
      "api_key": [
        {
          "current_key": "AIzaSyAQ-A6wdKClAst_23bWtBoQokgLbw7lzso"
        }
      ],
      "services": {
        "analytics_service": {
          "status": 1
        },
        "appinvite_service": {
          "status": 1,
          "other_platform_oauth_client": []
        },
        "ads_service": {
          "status": 2
        }
      }
    }
  ],
  "configuration_version": "1"
}